customer_id,order_id,product_name,order_date,order_amount,quantity,region,sales_rep
47,1,Product A,10/25/2021,350.92,89,South,John Doe
16,2,Product C,3/11/2021,68.68,100,North,Mike Johnson
17,3,Product B,1/13/2021,263.24,9,East,Jane Smith
82,4,Product B,9/6/2021,216.27,82,West,Mike Johnson
50,5,Product A,10/16/2021,773.25,35,North,Jane Smith
88,6,Product B,11/13/2021,756.4,93,South,Mike Johnson
36,7,Product B,3/29/2021,876.51,47,West,John Doe
10,8,Product A,6/10/2021,651.55,31,West,John Doe
95,9,Product B,11/28/2021,701.96,12,North,Jane Smith
24,10,Product A,6/28/2021,504.39,55,West,Jane Smith
66,11,Product A,12/27/2021,966.05,87,North,Mike Johnson
62,12,Product C,1/16/2021,143.0,16,South,Jane Smith
100,13,Product C,5/30/2021,722.22,10,North,Jane Smith
53,14,Product A,6/3/2021,96.83,93,North,Jane Smith
28,15,Product A,5/11/2021,69.96,2,South,John Doe
56,16,Product A,9/22/2021,789.92,40,West,Mike Johnson
56,17,Product A,12/9/2021,84.39,98,East,Mike Johnson
29,18,Product A,9/15/2021,86.24,59,West,John Doe
22,19,Product B,6/7/2021,745.46,69,South,Mike Johnson
61,20,Product C,12/5/2021,456.59,21,West,John Doe
4,21,Product A,10/31/2021,882.47,68,South,Mike Johnson
33,22,Product A,6/12/2021,41.62,86,North,Mike Johnson
30,23,Product A,6/29/2021,80.41,8,North,John Doe
90,24,Product B,9/2/2021,911.91,71,East,Jane Smith
100,25,Product B,5/6/2021,352.48,83,East,Mike Johnson
76,26,Product A,6/2/2021,919.09,53,West,Mike Johnson
12,27,Product C,3/1/2021,617.72,19,East,Jane Smith
85,28,Product C,1/31/2021,13.48,71,East,Mike Johnson
79,29,Product C,7/27/2021,402.91,62,West,Mike Johnson
25,30,Product A,10/26/2021,35.62,36,East,Jane Smith
0,31,Product C,10/30/2021,140.94,33,East,John Doe
64,32,Product B,10/2/2021,610.05,37,West,Jane Smith
73,33,Product A,2/28/2021,106.85,58,East,Jane Smith
91,34,Product B,4/5/2021,114.18,48,East,Jane Smith
32,35,Product C,11/29/2021,640.48,90,West,John Doe
30,36,Product A,5/11/2021,493.66,79,South,Jane Smith
97,37,Product B,2/20/2021,130.35,45,West,Jane Smith
87,38,Product A,6/11/2021,302.76,99,East,Mike Johnson
66,39,Product B,5/22/2021,234.71,61,South,Mike Johnson
21,40,Product A,11/5/2021,686.56,59,East,Mike Johnson
3,41,Product B,10/16/2021,947.88,53,West,Mike Johnson
91,42,Product A,7/21/2021,611.19,66,West,Mike Johnson
81,43,Product C,10/27/2021,48.23,69,South,Jane Smith
93,44,Product A,7/11/2021,325.06,59,North,Jane Smith
90,45,Product B,4/20/2021,996.81,8,South,Jane Smith
82,46,Product B,11/26/2021,736.39,80,South,John Doe
37,47,Product B,1/13/2021,856.08,69,South,John Doe
45,48,Product A,8/6/2021,985.45,31,South,John Doe
89,49,Product B,1/6/2021,725.99,59,East,Mike Johnson
8,50,Product C,3/15/2021,817.58,9,North,Jane Smith
12,51,Product A,10/18/2021,433.72,92,West,Mike Johnson
93,52,Product C,11/12/2021,334.53,40,East,Jane Smith
70,53,Product C,12/16/2021,367.64,19,North,Mike Johnson
50,54,Product C,10/29/2021,526.86,68,East,Mike Johnson
67,55,Product B,12/5/2021,211.81,61,East,Mike Johnson
71,56,Product B,5/25/2021,765.03,55,South,Mike Johnson
29,57,Product C,4/6/2021,150.23,4,North,Mike Johnson
61,58,Product B,4/20/2021,929.18,14,West,John Doe
75,59,Product B,2/17/2021,521.43,75,East,John Doe
17,60,Product C,11/21/2021,389.69,45,South,John Doe
95,61,Product B,12/3/2021,457.23,34,South,Jane Smith
41,62,Product C,11/18/2021,119.29,55,West,John Doe
24,63,Product C,4/6/2021,927.67,18,West,Jane Smith
23,64,Product C,5/30/2021,804.02,39,West,Mike Johnson
8,65,Product A,10/7/2021,566.27,28,North,Mike Johnson
80,66,Product C,10/17/2021,110.65,18,South,Mike Johnson
81,67,Product A,10/31/2021,365.71,85,North,John Doe
75,68,Product C,2/24/2021,477.41,52,North,Mike Johnson
35,69,Product C,11/23/2021,233.02,67,North,John Doe
20,70,Product C,6/2/2021,233.18,50,West,Jane Smith
28,71,Product A,4/26/2021,904.6,59,South,John Doe
21,72,Product C,1/2/2021,306.43,18,East,Jane Smith
93,73,Product C,4/29/2021,647.98,4,North,Jane Smith
32,74,Product B,2/20/2021,470.13,6,North,John Doe
33,75,Product B,5/15/2021,718.92,18,South,Jane Smith
82,76,Product B,1/13/2021,960.0,33,East,Mike Johnson
34,77,Product A,4/12/2021,322.91,71,South,Mike Johnson
11,78,Product C,4/7/2021,40.5,5,West,John Doe
51,79,Product B,2/13/2021,501.08,99,West,John Doe
93,80,Product B,11/5/2021,315.78,82,West,John Doe
66,81,Product B,6/21/2021,25.79,95,North,John Doe
22,82,Product B,9/8/2021,67.65,77,West,Jane Smith
17,83,Product B,6/10/2021,340.21,20,South,Jane Smith
21,84,Product C,12/5/2021,680.77,88,South,Jane Smith
90,85,Product B,8/10/2021,90.5,88,North,Mike Johnson
36,86,Product C,12/5/2021,165.27,81,North,Jane Smith
51,87,Product C,5/11/2021,590.19,81,South,John Doe
53,88,Product C,12/8/2021,231.89,31,South,John Doe
91,89,Product C,11/11/2021,679.59,68,North,John Doe
51,90,Product A,4/5/2021,190.83,59,West,Jane Smith
55,91,Product A,1/10/2021,153.68,73,South,Mike Johnson
32,92,Product C,2/3/2021,739.14,12,South,Jane Smith
84,93,Product C,4/17/2021,308.93,54,North,Mike Johnson
29,94,Product B,7/17/2021,588.24,13,South,John Doe
63,95,Product A,7/11/2021,882.62,92,North,Jane Smith
7,96,Product C,2/9/2021,95.57,64,West,John Doe
37,97,Product A,8/22/2021,248.63,18,South,Mike Johnson
37,98,Product B,10/20/2021,237.54,93,West,Jane Smith
42,99,Product A,7/13/2021,785.04,54,North,Mike Johnson
97,100,Product A,10/3/2021,537.42,49,East,John Doe
34,101,Product C,9/5/2021,609.3,5,South,Jane Smith
63,102,Product B,8/11/2021,454.04,32,North,Jane Smith
48,103,Product C,11/29/2021,364.48,33,South,John Doe
72,104,Product C,6/23/2021,966.62,58,West,John Doe
55,105,Product B,8/25/2021,528.82,10,West,Mike Johnson
90,106,Product B,8/26/2021,112.82,48,East,Jane Smith
44,107,Product A,7/12/2021,235.43,1,South,Jane Smith
98,108,Product C,6/7/2021,881.12,53,North,Jane Smith
61,109,Product A,8/18/2021,210.41,68,North,John Doe
29,110,Product A,12/21/2021,11.34,54,West,John Doe
20,111,Product A,1/8/2021,476.38,58,North,Mike Johnson
15,112,Product A,4/10/2021,967.76,50,East,Jane Smith
78,113,Product B,2/13/2021,291.88,15,East,Mike Johnson
70,114,Product C,9/26/2021,817.28,47,North,Jane Smith
81,115,Product A,10/2/2021,110.06,88,East,Mike Johnson
7,116,Product A,9/24/2021,440.88,40,West,John Doe
68,117,Product B,9/17/2021,492.03,44,East,Mike Johnson
13,118,Product B,8/16/2021,42.01,55,South,Jane Smith
53,119,Product B,9/30/2021,377.24,86,East,Jane Smith
11,120,Product C,5/9/2021,962.73,67,East,Jane Smith
7,121,Product B,5/4/2021,504.53,12,North,John Doe
95,122,Product C,12/7/2021,988.64,2,West,Jane Smith
92,123,Product C,10/11/2021,427.23,47,North,Jane Smith
12,124,Product C,8/26/2021,275.62,89,North,Jane Smith
20,125,Product C,11/13/2021,138.15,48,North,Mike Johnson
72,126,Product C,4/6/2021,23.3,5,South,Mike Johnson
48,127,Product B,10/25/2021,724.84,71,East,John Doe
31,128,Product B,10/2/2021,238.94,67,West,Mike Johnson
35,129,Product B,5/1/2021,651.59,76,South,Jane Smith
3,130,Product A,10/13/2021,607.6,17,East,Mike Johnson
82,131,Product B,4/13/2021,291.7,85,South,Mike Johnson
68,132,Product B,11/4/2021,6.57,23,East,Jane Smith
86,133,Product C,9/13/2021,126.07,55,North,Mike Johnson
8,134,Product C,8/17/2021,897.47,4,West,John Doe
45,135,Product A,8/13/2021,982.99,26,East,Jane Smith
88,136,Product B,10/20/2021,807.62,40,South,Jane Smith
57,137,Product B,3/14/2021,665.95,90,South,Jane Smith
87,138,Product C,2/26/2021,197.35,61,South,John Doe
55,139,Product A,12/14/2021,300.94,64,South,John Doe
76,140,Product A,12/30/2021,148.75,50,South,Mike Johnson
16,141,Product B,8/25/2021,728.68,68,North,Jane Smith
13,142,Product B,4/27/2021,231.61,72,West,Mike Johnson
74,143,Product A,10/5/2021,881.16,13,East,John Doe
4,144,Product B,4/3/2021,42.9,36,West,Mike Johnson
34,145,Product C,6/11/2021,821.48,19,South,Jane Smith
0,146,Product A,12/22/2021,967.69,47,North,Mike Johnson
22,147,Product C,12/4/2021,862.54,5,North,John Doe
35,148,Product B,5/5/2021,286.55,50,South,Mike Johnson
92,149,Product C,10/13/2021,501.07,70,North,Jane Smith
76,150,Product B,1/9/2021,462.17,86,South,Jane Smith
17,151,Product C,4/27/2021,799.86,8,South,John Doe
3,152,Product A,2/10/2021,178.61,15,West,Jane Smith
48,153,Product A,2/13/2021,837.76,56,South,John Doe
25,154,Product A,9/28/2021,419.17,18,South,Mike Johnson
60,155,Product C,3/26/2021,924.2,30,North,Mike Johnson
36,156,Product A,11/15/2021,813.91,50,East,Mike Johnson
89,157,Product B,9/22/2021,486.72,54,North,John Doe
73,158,Product C,3/16/2021,224.64,94,South,Jane Smith
14,159,Product C,8/26/2021,812.81,68,West,Mike Johnson
37,160,Product B,12/28/2021,858.1,90,West,John Doe
60,161,Product A,12/15/2021,423.86,55,North,Mike Johnson
61,162,Product C,7/9/2021,374.51,33,East,John Doe
28,163,Product A,5/21/2021,717.37,68,South,Mike Johnson
15,164,Product C,11/12/2021,607.42,86,South,Jane Smith
22,165,Product A,6/13/2021,774.35,11,North,Jane Smith
20,166,Product A,2/16/2021,831.77,81,North,Mike Johnson
95,167,Product A,9/15/2021,817.99,67,South,Jane Smith
91,168,Product B,3/12/2021,382.67,58,South,Jane Smith
21,169,Product B,4/18/2021,811.21,66,North,Mike Johnson
57,170,Product C,3/22/2021,970.97,25,East,Mike Johnson
15,171,Product A,10/27/2021,176.59,37,North,Jane Smith
55,172,Product A,6/28/2021,104.12,83,South,John Doe
21,173,Product C,7/1/2021,446.61,50,West,John Doe
74,174,Product A,12/26/2021,363.53,72,East,Jane Smith
34,175,Product C,6/14/2021,550.95,81,North,Jane Smith
52,176,Product C,1/30/2021,831.08,98,South,Jane Smith
2,177,Product C,6/30/2021,654.8,12,South,Mike Johnson
51,178,Product B,10/30/2021,227.45,14,North,Mike Johnson
11,179,Product B,2/7/2021,813.47,7,West,Jane Smith
98,180,Product C,8/31/2021,8.01,70,South,Jane Smith
10,181,Product B,4/24/2021,89.41,2,South,Mike Johnson
27,182,Product A,10/6/2021,773.58,35,North,Mike Johnson
75,183,Product C,4/23/2021,297.7,39,East,Mike Johnson
97,184,Product A,2/22/2021,587.82,42,North,Jane Smith
62,185,Product B,10/9/2021,591.59,76,East,Jane Smith
12,186,Product B,9/29/2021,566.74,45,South,John Doe
24,187,Product B,11/14/2021,82.62,13,North,Jane Smith
13,188,Product A,10/27/2021,274.71,21,South,Jane Smith
57,189,Product B,4/10/2021,629.54,56,North,John Doe
54,190,Product A,4/25/2021,667.66,64,North,Mike Johnson
93,191,Product C,2/20/2021,85.9,8,North,Mike Johnson
29,192,Product A,11/24/2021,778.51,36,South,Mike Johnson
66,193,Product C,7/4/2021,371.13,69,South,Jane Smith
90,194,Product A,11/8/2021,240.24,44,West,Jane Smith
51,195,Product B,5/29/2021,284.77,36,East,Jane Smith
10,196,Product A,8/11/2021,127.64,15,South,Mike Johnson
69,197,Product A,12/2/2021,371.58,1,East,Mike Johnson
19,198,Product A,4/14/2021,544.03,87,West,Mike Johnson
84,199,Product B,10/9/2021,418.1,23,West,Mike Johnson
54,200,Product C,3/23/2021,249.63,9,West,John Doe
45,201,Product A,5/17/2021,95.28,75,West,Jane Smith
70,202,Product C,3/19/2021,627.87,52,West,Mike Johnson
2,203,Product A,5/18/2021,212.22,37,South,Jane Smith
72,204,Product C,7/28/2021,575.53,58,North,John Doe
12,205,Product B,10/22/2021,98.43,36,South,John Doe
42,206,Product C,5/7/2021,921.97,54,South,Mike Johnson
78,207,Product B,11/14/2021,141.7,26,South,Jane Smith
24,208,Product A,8/29/2021,220.68,76,East,Mike Johnson
54,209,Product A,6/22/2021,376.17,58,West,Jane Smith
50,210,Product B,10/9/2021,854.69,16,East,John Doe
78,211,Product C,9/7/2021,239.86,42,South,Jane Smith
63,212,Product C,9/19/2021,3.44,95,East,Jane Smith
20,213,Product B,6/27/2021,363.27,1,East,Jane Smith
15,214,Product C,11/6/2021,642.5,29,East,John Doe
1,215,Product C,9/20/2021,325.99,58,North,John Doe
79,216,Product B,8/31/2021,144.64,86,South,Mike Johnson
11,217,Product B,6/15/2021,865.97,92,West,Mike Johnson
50,218,Product A,5/9/2021,385.82,19,South,Jane Smith
37,219,Product B,9/1/2021,921.7,62,South,Mike Johnson
33,220,Product B,3/14/2021,32.98,32,East,John Doe
53,221,Product A,2/7/2021,596.64,36,North,Jane Smith
45,222,Product A,5/21/2021,803.01,45,West,John Doe
4,223,Product B,11/11/2021,239.57,33,West,John Doe
34,224,Product B,6/2/2021,356.25,17,East,John Doe
28,225,Product B,6/5/2021,234.52,79,West,Mike Johnson
96,226,Product C,8/6/2021,233.66,23,West,Jane Smith
98,227,Product A,7/24/2021,328.68,83,South,Mike Johnson
15,228,Product B,4/1/2021,218.83,24,North,John Doe
5,229,Product A,2/21/2021,709.63,4,East,Jane Smith
59,230,Product A,7/15/2021,494.17,51,West,Mike Johnson
47,231,Product C,10/17/2021,438.09,39,East,Mike Johnson
92,232,Product B,3/15/2021,400.77,71,South,John Doe
13,233,Product B,4/3/2021,388.28,83,East,John Doe
34,234,Product B,3/10/2021,781.28,96,East,Mike Johnson
20,235,Product B,1/13/2021,273.32,16,West,John Doe
88,236,Product A,5/29/2021,377.61,34,West,Mike Johnson
22,237,Product C,10/4/2021,250.48,81,South,Jane Smith
19,238,Product C,1/25/2021,177.13,55,East,Jane Smith
57,239,Product C,8/15/2021,208.88,82,East,Mike Johnson
15,240,Product B,7/21/2021,465.13,11,East,Mike Johnson
12,241,Product B,4/30/2021,178.31,36,North,Jane Smith
38,242,Product A,1/6/2021,984.56,90,West,John Doe
15,243,Product A,5/26/2021,713.28,76,East,Jane Smith
32,244,Product C,4/12/2021,840.46,92,South,Jane Smith
48,245,Product C,8/21/2021,910.65,60,East,Jane Smith
14,246,Product C,10/31/2021,888.45,6,South,Jane Smith
82,247,Product B,8/4/2021,609.07,77,North,Jane Smith
74,248,Product A,6/2/2021,577.93,11,South,Jane Smith
41,249,Product B,12/25/2021,119.16,20,South,John Doe
18,250,Product C,6/14/2021,89.94,86,East,Jane Smith
53,251,Product A,10/24/2021,389.5,23,North,Jane Smith
92,252,Product A,2/26/2021,336.58,79,East,John Doe
17,253,Product B,10/23/2021,171.13,10,North,John Doe
83,254,Product B,3/11/2021,540.14,62,East,Mike Johnson
53,255,Product B,8/4/2021,948.44,48,South,John Doe
79,256,Product C,6/18/2021,363.29,1,North,Jane Smith
10,257,Product C,11/25/2021,552.48,34,West,Jane Smith
15,258,Product C,1/15/2021,591.84,41,South,John Doe
68,259,Product C,11/11/2021,288.01,97,South,Jane Smith
0,260,Product C,3/9/2021,74.5,6,North,Mike Johnson
54,261,Product C,3/4/2021,374.01,76,East,John Doe
37,262,Product A,9/12/2021,26.41,52,West,Jane Smith
77,263,Product B,8/31/2021,579.31,13,South,Mike Johnson
15,264,Product C,10/25/2021,709.77,3,North,Mike Johnson
87,265,Product A,12/7/2021,6.31,68,West,John Doe
42,266,Product B,6/29/2021,996.91,30,East,Jane Smith
6,267,Product C,1/28/2021,680.78,64,West,Mike Johnson
55,268,Product C,9/27/2021,235.09,64,North,John Doe
51,269,Product B,2/11/2021,761.78,28,South,Jane Smith
87,270,Product B,10/13/2021,381.44,89,East,John Doe
48,271,Product B,12/10/2021,785.77,28,West,Jane Smith
69,272,Product B,7/26/2021,507.38,88,South,Mike Johnson
81,273,Product C,8/23/2021,496.82,33,South,John Doe
76,274,Product C,12/3/2021,950.53,63,South,Jane Smith
63,275,Product C,6/5/2021,528.49,2,South,Mike Johnson
98,276,Product B,7/22/2021,754.98,34,West,Mike Johnson
78,277,Product A,8/5/2021,961.8,52,East,Mike Johnson
50,278,Product C,8/30/2021,729.21,94,East,John Doe
82,279,Product B,1/28/2021,266.0,80,South,Mike Johnson
89,280,Product C,5/4/2021,554.69,59,North,John Doe
22,281,Product C,12/5/2021,313.87,79,East,John Doe
97,282,Product B,4/16/2021,288.06,39,East,Jane Smith
23,283,Product B,5/10/2021,425.9,71,West,Jane Smith
90,284,Product A,3/14/2021,192.09,78,West,Jane Smith
23,285,Product A,11/18/2021,867.71,49,East,Jane Smith
24,286,Product A,7/31/2021,772.64,34,South,John Doe
44,287,Product A,5/16/2021,237.59,26,West,Mike Johnson
44,288,Product A,12/6/2021,503.57,59,South,Mike Johnson
80,289,Product C,4/12/2021,162.1,95,West,Jane Smith
10,290,Product B,6/19/2021,424.84,26,South,Mike Johnson
61,291,Product A,11/7/2021,631.13,21,South,Mike Johnson
21,292,Product A,3/30/2021,804.39,29,North,Mike Johnson
1,293,Product A,2/3/2021,748.01,53,West,Mike Johnson
80,294,Product C,12/18/2021,233.19,2,South,Jane Smith
15,295,Product C,4/21/2021,870.54,52,West,John Doe
80,296,Product B,5/9/2021,913.62,23,South,Mike Johnson
77,297,Product A,1/26/2021,377.83,9,East,Jane Smith
66,298,Product B,5/16/2021,40.71,16,East,Jane Smith
62,299,Product B,7/28/2021,28.54,32,West,Jane Smith
78,300,Product A,10/1/2021,990.58,85,West,John Doe
54,301,Product C,9/17/2021,324.77,82,West,John Doe
21,302,Product B,11/24/2021,18.6,50,South,Mike Johnson
40,303,Product A,4/4/2021,764.02,66,East,Jane Smith
71,304,Product C,7/29/2021,421.58,94,West,Mike Johnson
9,305,Product C,6/16/2021,55.4,16,South,Mike Johnson
77,306,Product C,3/4/2021,174.71,4,West,John Doe
99,307,Product A,11/10/2021,62.03,94,West,Jane Smith
25,308,Product C,8/27/2021,166.03,9,East,Jane Smith
16,309,Product A,10/5/2021,240.06,28,South,Jane Smith
71,310,Product B,6/20/2021,395.25,53,North,Mike Johnson
35,311,Product A,8/7/2021,644.38,86,North,Mike Johnson
62,312,Product A,11/11/2021,21.88,14,East,John Doe
67,313,Product A,9/2/2021,712.62,41,West,Mike Johnson
33,314,Product A,7/31/2021,990.73,97,West,Mike Johnson
96,315,Product B,9/22/2021,354.45,1,South,Jane Smith
98,316,Product A,8/12/2021,317.46,37,West,Jane Smith
78,317,Product B,3/19/2021,783.18,17,North,Mike Johnson
66,318,Product A,10/29/2021,331.67,92,East,Jane Smith
55,319,Product B,10/9/2021,566.15,9,North,Mike Johnson
41,320,Product B,8/27/2021,601.72,85,East,John Doe
16,321,Product B,2/27/2021,531.78,36,North,Jane Smith
33,322,Product B,9/20/2021,953.11,80,West,Mike Johnson
52,323,Product B,3/2/2021,668.04,62,West,Jane Smith
28,324,Product B,8/31/2021,598.73,8,West,Jane Smith
23,325,Product C,12/5/2021,537.88,51,South,John Doe
44,326,Product B,10/14/2021,986.31,67,North,John Doe
86,327,Product A,2/17/2021,230.39,39,West,Mike Johnson
76,328,Product B,8/22/2021,411.7,76,North,Jane Smith
94,329,Product B,12/15/2021,470.22,27,South,Mike Johnson
55,330,Product B,11/10/2021,76.57,23,North,John Doe
15,331,Product A,10/12/2021,600.37,13,West,Mike Johnson
27,332,Product B,1/6/2021,892.96,12,East,John Doe
83,333,Product C,12/16/2021,504.2,86,South,Jane Smith
57,334,Product C,5/5/2021,983.19,78,East,Jane Smith
0,335,Product B,11/2/2021,725.05,77,North,John Doe
64,336,Product B,12/17/2021,119.97,33,North,Mike Johnson
71,337,Product B,2/28/2021,419.13,23,West,Jane Smith
66,338,Product A,4/7/2021,331.46,87,South,Mike Johnson
46,339,Product C,1/3/2021,197.42,78,West,Mike Johnson
9,340,Product B,2/3/2021,33.46,92,East,John Doe
13,341,Product B,12/10/2021,421.71,88,East,Jane Smith
89,342,Product C,8/25/2021,183.56,39,West,Mike Johnson
91,343,Product B,5/24/2021,783.51,40,West,Jane Smith
90,344,Product A,4/9/2021,849.71,4,North,John Doe
19,345,Product B,8/7/2021,774.86,5,North,John Doe
62,346,Product A,10/31/2021,509.84,17,West,Jane Smith
18,347,Product C,9/10/2021,640.77,92,North,Mike Johnson
98,348,Product A,6/22/2021,625.04,14,East,John Doe
67,349,Product B,7/15/2021,201.01,43,East,John Doe
47,350,Product B,9/8/2021,439.16,43,South,Jane Smith
66,351,Product C,11/12/2021,656.07,88,North,Mike Johnson
57,352,Product B,2/9/2021,381.1,9,East,John Doe
28,353,Product A,8/31/2021,540.58,10,South,Jane Smith
43,354,Product C,12/22/2021,680.17,89,East,Jane Smith
66,355,Product A,4/19/2021,589.36,27,South,Jane Smith
93,356,Product A,10/9/2021,18.0,92,East,Mike Johnson
56,357,Product B,6/1/2021,792.02,40,North,Jane Smith
58,358,Product A,1/24/2021,933.36,89,North,Jane Smith
84,359,Product B,7/26/2021,111.49,95,West,Mike Johnson
32,360,Product C,1/20/2021,136.24,19,East,John Doe
94,361,Product A,6/11/2021,494.43,47,South,Jane Smith
8,362,Product B,8/29/2021,756.52,28,South,Jane Smith
59,363,Product B,4/30/2021,459.57,18,West,John Doe
99,364,Product C,8/7/2021,366.17,49,West,Mike Johnson
6,365,Product B,1/22/2021,978.91,90,South,John Doe
93,366,Product C,1/3/2021,219.14,56,West,Mike Johnson
90,367,Product C,8/9/2021,567.61,7,West,John Doe
43,368,Product C,11/29/2021,720.17,3,East,Jane Smith
49,369,Product B,10/4/2021,919.21,63,North,John Doe
92,370,Product A,3/9/2021,427.25,100,South,John Doe
95,371,Product B,6/7/2021,980.33,83,South,John Doe
28,372,Product C,1/1/2021,501.3,10,East,John Doe
40,373,Product C,3/23/2021,8.89,93,North,John Doe
96,374,Product C,6/15/2021,969.08,63,North,John Doe
91,375,Product A,8/1/2021,131.76,12,South,Jane Smith
92,376,Product C,5/21/2021,55.78,11,West,Jane Smith
69,377,Product B,2/15/2021,102.0,98,East,John Doe
27,378,Product A,12/6/2021,462.51,39,South,Jane Smith
98,379,Product C,4/18/2021,125.89,24,West,Jane Smith
38,380,Product C,12/19/2021,933.38,73,North,Mike Johnson
11,381,Product B,11/8/2021,775.72,31,East,Jane Smith
22,382,Product B,6/15/2021,773.89,49,West,John Doe
6,383,Product B,11/24/2021,903.89,81,West,John Doe
36,384,Product A,7/9/2021,723.43,33,West,Mike Johnson
35,385,Product B,6/28/2021,467.07,83,North,John Doe
51,386,Product C,8/7/2021,902.86,36,North,Jane Smith
73,387,Product B,3/6/2021,54.08,67,West,Jane Smith
36,388,Product A,7/20/2021,206.44,84,East,John Doe
52,389,Product B,5/15/2021,476.8,32,East,Mike Johnson
84,390,Product B,5/13/2021,4.89,58,North,Jane Smith
59,391,Product A,5/7/2021,601.77,9,West,John Doe
40,392,Product C,2/25/2021,701.75,6,East,Jane Smith
57,393,Product B,4/12/2021,257.04,45,East,John Doe
62,394,Product B,4/14/2021,382.81,64,North,Mike Johnson
12,395,Product A,3/19/2021,71.72,96,North,Jane Smith
29,396,Product C,2/1/2021,171.97,25,East,Jane Smith
79,397,Product B,10/1/2021,594.6,51,North,John Doe
46,398,Product C,3/23/2021,951.74,28,North,John Doe
51,399,Product A,8/19/2021,916.01,13,North,John Doe
33,400,Product A,11/24/2021,70.21,100,North,Mike Johnson
43,401,Product B,4/12/2021,973.41,30,North,Jane Smith
21,402,Product B,12/14/2021,277.94,40,West,John Doe
87,403,Product C,3/16/2021,178.82,4,North,Jane Smith
50,404,Product B,3/8/2021,492.42,12,East,John Doe
38,405,Product C,9/28/2021,69.77,79,West,Jane Smith
60,406,Product C,2/12/2021,166.01,35,South,Jane Smith
37,407,Product B,4/16/2021,486.32,72,South,Jane Smith
60,408,Product A,11/8/2021,362.55,61,South,Jane Smith
59,409,Product B,2/11/2021,170.82,61,South,Mike Johnson
1,410,Product C,8/30/2021,601.28,91,North,Jane Smith
48,411,Product C,5/24/2021,628.22,3,North,John Doe
61,412,Product A,2/19/2021,118.83,25,West,John Doe
87,413,Product A,6/19/2021,407.19,11,South,John Doe
13,414,Product C,6/2/2021,507.78,53,South,Jane Smith
86,415,Product C,1/12/2021,246.85,51,South,Mike Johnson
85,416,Product B,5/27/2021,382.46,17,East,John Doe
15,417,Product A,6/4/2021,64.93,19,East,Mike Johnson
27,418,Product B,6/17/2021,567.22,26,North,Mike Johnson
28,419,Product C,4/19/2021,854.34,87,West,Jane Smith
37,420,Product C,5/11/2021,566.84,99,South,John Doe
32,421,Product A,3/15/2021,855.88,62,South,John Doe
24,422,Product C,4/21/2021,282.35,99,South,John Doe
19,423,Product C,5/14/2021,117.4,27,North,John Doe
60,424,Product B,5/13/2021,304.31,34,West,Mike Johnson
6,425,Product B,3/16/2021,781.07,15,West,John Doe
70,426,Product A,9/26/2021,684.33,37,North,Mike Johnson
34,427,Product B,6/16/2021,474.53,89,West,Jane Smith
57,428,Product C,11/12/2021,484.44,75,North,Jane Smith
4,429,Product A,8/12/2021,612.84,37,North,Jane Smith
49,430,Product B,9/20/2021,194.36,55,North,Mike Johnson
21,431,Product A,4/21/2021,508.51,90,South,Jane Smith
50,432,Product B,4/3/2021,165.01,82,East,John Doe
56,433,Product C,7/23/2021,77.34,80,East,John Doe
48,434,Product A,5/29/2021,855.36,34,West,Jane Smith
1,435,Product C,12/3/2021,547.11,75,North,Jane Smith
3,436,Product A,6/28/2021,775.67,4,North,Jane Smith
26,437,Product A,10/24/2021,163.01,93,North,Mike Johnson
12,438,Product A,8/11/2021,651.54,56,South,John Doe
60,439,Product B,11/5/2021,82.06,55,South,Mike Johnson
62,440,Product B,3/15/2021,288.29,71,South,John Doe
55,441,Product A,6/6/2021,142.45,62,South,John Doe
76,442,Product B,2/9/2021,936.15,91,East,Mike Johnson
98,443,Product A,9/2/2021,179.96,17,East,John Doe
36,444,Product A,8/17/2021,750.76,33,North,Jane Smith
41,445,Product B,1/30/2021,947.77,59,North,Mike Johnson
66,446,Product C,9/18/2021,108.77,35,East,John Doe
84,447,Product B,3/23/2021,765.76,8,North,Jane Smith
47,448,Product A,12/1/2021,608.93,78,South,John Doe
43,449,Product A,8/7/2021,213.01,36,North,John Doe
22,450,Product A,6/3/2021,75.97,27,North,Mike Johnson
6,451,Product A,3/12/2021,675.49,42,West,John Doe
50,452,Product B,4/7/2021,137.96,83,North,Mike Johnson
85,453,Product C,8/29/2021,548.57,23,West,John Doe
67,454,Product B,3/22/2021,389.53,53,East,Mike Johnson
63,455,Product B,12/7/2021,430.93,54,North,Mike Johnson
43,456,Product A,8/5/2021,750.26,22,South,Mike Johnson
0,457,Product C,10/13/2021,141.92,39,West,Mike Johnson
76,458,Product C,3/29/2021,578.53,81,North,Mike Johnson
24,459,Product A,2/14/2021,662.65,78,West,Mike Johnson
81,460,Product C,10/4/2021,370.14,42,East,Jane Smith
89,461,Product A,4/29/2021,413.79,36,South,Mike Johnson
2,462,Product B,2/16/2021,93.71,68,South,Mike Johnson
86,463,Product A,8/7/2021,658.02,80,North,Mike Johnson
74,464,Product A,1/15/2021,729.82,87,East,Jane Smith
19,465,Product C,7/3/2021,541.14,60,West,John Doe
46,466,Product B,4/21/2021,640.7,69,North,Jane Smith
45,467,Product B,5/17/2021,403.53,58,East,John Doe
35,468,Product A,2/5/2021,298.58,82,North,Mike Johnson
75,469,Product A,9/11/2021,827.57,30,West,John Doe
81,470,Product C,2/8/2021,109.26,35,East,John Doe
77,471,Product B,9/13/2021,857.11,60,West,John Doe
56,472,Product A,9/12/2021,903.22,92,North,John Doe
13,473,Product B,9/9/2021,2.73,27,East,Jane Smith
52,474,Product C,11/11/2021,168.05,98,East,John Doe
11,475,Product A,7/22/2021,158.23,14,East,Jane Smith
80,476,Product C,8/22/2021,168.15,37,South,John Doe
20,477,Product B,12/17/2021,803.14,3,West,Mike Johnson
29,478,Product A,7/23/2021,375.72,1,South,Mike Johnson
33,479,Product A,9/30/2021,686.88,87,South,Jane Smith
18,480,Product A,9/8/2021,273.57,83,North,Jane Smith
59,481,Product C,10/5/2021,993.73,52,West,Mike Johnson
90,482,Product B,9/23/2021,952.36,49,West,Jane Smith
67,483,Product A,6/6/2021,467.1,5,West,Mike Johnson
5,484,Product A,12/15/2021,464.83,81,North,Jane Smith
27,485,Product B,5/23/2021,575.67,37,East,Mike Johnson
0,486,Product B,9/1/2021,155.83,14,West,Mike Johnson
40,487,Product B,7/20/2021,353.59,60,East,John Doe
94,488,Product B,7/2/2021,568.36,17,West,John Doe
47,489,Product B,4/5/2021,130.39,63,North,Mike Johnson
25,490,Product C,10/22/2021,756.69,6,South,John Doe
19,491,Product B,8/14/2021,941.3,26,South,Jane Smith
41,492,Product B,12/27/2021,853.29,63,North,Mike Johnson
100,493,Product C,6/2/2021,887.26,59,West,John Doe
96,494,Product C,5/26/2021,869.14,11,North,Mike Johnson
2,495,Product A,11/24/2021,145.8,28,North,John Doe
60,496,Product B,6/7/2021,785.89,73,South,John Doe
99,497,Product B,12/20/2021,751.73,99,North,Jane Smith
24,498,Product C,7/27/2021,609.49,37,North,Mike Johnson
0,499,Product B,5/18/2021,665.25,32,South,Mike Johnson
87,500,Product C,2/23/2021,583.84,11,East,Mike Johnson
24,501,Product A,2/9/2021,206.65,30,South,John Doe
16,502,Product B,7/20/2021,788.73,25,South,Jane Smith
67,503,Product B,9/21/2021,810.45,52,South,Jane Smith
19,504,Product B,8/8/2021,717.34,68,East,John Doe
7,505,Product B,1/22/2021,686.69,89,North,Mike Johnson
37,506,Product C,9/30/2021,325.87,69,South,Jane Smith
83,507,Product B,1/7/2021,93.07,89,North,Mike Johnson
91,508,Product A,11/1/2021,285.34,82,South,John Doe
96,509,Product C,4/7/2021,767.94,52,East,John Doe
37,510,Product A,11/28/2021,917.5,17,East,Mike Johnson
59,511,Product B,10/3/2021,361.9,69,East,Mike Johnson
25,512,Product C,4/27/2021,445.96,61,South,Jane Smith
54,513,Product A,3/15/2021,253.28,40,West,John Doe
100,514,Product A,6/28/2021,277.47,73,East,Mike Johnson
5,515,Product B,11/24/2021,245.7,47,West,John Doe
77,516,Product C,12/11/2021,921.01,73,North,Jane Smith
48,517,Product A,5/20/2021,36.24,75,West,John Doe
2,518,Product B,7/30/2021,772.32,74,East,Jane Smith
94,519,Product A,7/12/2021,187.08,11,East,Mike Johnson
8,520,Product A,9/23/2021,607.65,66,West,Jane Smith
50,521,Product C,4/21/2021,807.59,25,North,Mike Johnson
69,522,Product A,1/17/2021,452.45,89,North,Mike Johnson
54,523,Product C,6/6/2021,468.45,56,West,John Doe
68,524,Product A,8/23/2021,599.63,80,South,John Doe
12,525,Product A,8/26/2021,556.16,58,East,Jane Smith
42,526,Product A,7/13/2021,952.27,2,East,John Doe
50,527,Product A,6/16/2021,433.64,76,East,John Doe
68,528,Product C,7/7/2021,891.32,94,South,John Doe
47,529,Product C,5/2/2021,793.04,26,South,Mike Johnson
41,530,Product C,7/17/2021,661.93,51,North,John Doe
96,531,Product C,3/20/2021,421.12,70,West,John Doe
24,532,Product C,1/1/2021,448.53,19,West,John Doe
35,533,Product A,9/27/2021,464.46,17,East,Mike Johnson
68,534,Product C,5/31/2021,19.43,75,North,John Doe
45,535,Product C,3/22/2021,756.08,9,North,Jane Smith
59,536,Product A,9/22/2021,85.76,9,East,Jane Smith
62,537,Product B,9/3/2021,763.89,51,South,Mike Johnson
61,538,Product C,2/20/2021,777.82,1,East,Mike Johnson
27,539,Product B,11/23/2021,374.73,19,South,John Doe
77,540,Product C,4/3/2021,143.39,58,East,John Doe
44,541,Product A,9/21/2021,810.92,100,East,Jane Smith
95,542,Product B,9/8/2021,950.88,81,South,Jane Smith
98,543,Product C,11/6/2021,949.69,11,North,Mike Johnson
24,544,Product C,7/11/2021,88.78,21,South,Mike Johnson
18,545,Product A,8/15/2021,661.3,50,South,Jane Smith
31,546,Product C,5/12/2021,746.3,43,North,John Doe
39,547,Product C,7/17/2021,519.38,49,East,Jane Smith
42,548,Product C,5/24/2021,504.37,15,West,John Doe
54,549,Product A,7/14/2021,709.46,44,South,Jane Smith
98,550,Product B,8/13/2021,139.93,41,West,John Doe
59,551,Product A,10/5/2021,879.63,89,East,Mike Johnson
69,552,Product B,8/28/2021,214.55,26,East,John Doe
88,553,Product C,8/14/2021,352.09,71,West,Jane Smith
97,554,Product B,10/17/2021,851.2,21,East,John Doe
63,555,Product A,10/24/2021,821.08,63,East,John Doe
6,556,Product B,7/5/2021,963.45,50,South,Mike Johnson
10,557,Product B,6/20/2021,313.75,20,North,John Doe
52,558,Product C,2/15/2021,203.46,51,East,Jane Smith
94,559,Product C,7/4/2021,850.52,13,South,John Doe
81,560,Product B,6/21/2021,606.51,24,East,Jane Smith
65,561,Product A,12/29/2021,457.28,62,North,Mike Johnson
36,562,Product B,3/13/2021,734.0,41,South,Mike Johnson
31,563,Product A,3/11/2021,408.6,37,West,Jane Smith
48,564,Product A,10/14/2021,330.34,25,East,Mike Johnson
25,565,Product B,6/11/2021,148.78,61,West,John Doe
96,566,Product A,3/23/2021,466.13,28,West,John Doe
29,567,Product C,9/14/2021,540.01,25,East,Jane Smith
0,568,Product C,11/2/2021,971.17,56,East,Mike Johnson
16,569,Product A,9/6/2021,55.76,15,North,Jane Smith
90,570,Product B,1/28/2021,138.91,12,West,John Doe
26,571,Product C,9/10/2021,909.09,100,West,Mike Johnson
30,572,Product A,11/11/2021,153.17,1,West,Mike Johnson
83,573,Product C,7/27/2021,787.71,100,East,Jane Smith
32,574,Product B,12/18/2021,672.9,20,East,John Doe
47,575,Product B,2/28/2021,110.21,31,West,Jane Smith
94,576,Product A,4/8/2021,263.87,84,North,Jane Smith
93,577,Product A,8/22/2021,30.16,33,North,Mike Johnson
19,578,Product A,11/17/2021,243.4,59,West,Mike Johnson
61,579,Product C,4/17/2021,1.87,64,North,John Doe
56,580,Product B,2/3/2021,546.01,60,North,Jane Smith
47,581,Product C,9/24/2021,420.98,63,South,Mike Johnson
27,582,Product A,10/23/2021,628.58,38,South,Jane Smith
13,583,Product A,1/29/2021,306.99,57,South,Mike Johnson
9,584,Product C,9/14/2021,151.62,3,North,Mike Johnson
35,585,Product C,5/28/2021,732.67,82,West,Jane Smith
40,586,Product C,4/22/2021,17.11,90,North,Mike Johnson
30,587,Product C,4/14/2021,395.26,47,South,John Doe
24,588,Product C,2/13/2021,570.83,49,South,Mike Johnson
41,589,Product B,3/28/2021,507.99,52,North,Jane Smith
34,590,Product C,2/22/2021,804.35,21,East,John Doe
71,591,Product C,3/31/2021,634.45,52,West,John Doe
54,592,Product A,2/23/2021,941.12,76,South,John Doe
19,593,Product C,10/15/2021,899.87,59,West,John Doe
6,594,Product B,1/7/2021,848.24,37,West,Mike Johnson
45,595,Product B,10/6/2021,957.41,95,East,Jane Smith
82,596,Product C,3/26/2021,162.98,11,West,Jane Smith
85,597,Product B,11/23/2021,3.01,92,East,Jane Smith
36,598,Product B,2/17/2021,653.43,9,South,Mike Johnson
94,599,Product A,12/6/2021,661.37,59,East,Jane Smith
90,600,Product A,6/14/2021,751.21,37,East,Mike Johnson
24,601,Product A,7/21/2021,86.0,24,East,John Doe
20,602,Product A,8/12/2021,622.88,28,North,Mike Johnson
61,603,Product C,9/18/2021,593.67,41,North,John Doe
20,604,Product C,1/29/2021,778.65,13,West,John Doe
50,605,Product A,11/26/2021,512.46,86,East,Mike Johnson
93,606,Product C,10/18/2021,745.23,87,North,John Doe
97,607,Product A,5/2/2021,470.92,82,North,Mike Johnson
73,608,Product C,8/1/2021,185.23,94,East,Mike Johnson
24,609,Product B,4/17/2021,189.22,75,North,John Doe
100,610,Product A,2/26/2021,403.33,20,East,John Doe
11,611,Product C,6/28/2021,786.46,95,South,John Doe
8,612,Product B,11/16/2021,384.83,92,East,Mike Johnson
11,613,Product A,12/20/2021,297.63,18,West,John Doe
0,614,Product A,1/12/2021,531.06,12,North,Jane Smith
47,615,Product C,1/23/2021,858.74,88,South,John Doe
57,616,Product A,7/4/2021,806.5,43,West,Jane Smith
56,617,Product C,9/28/2021,36.99,25,West,Mike Johnson
12,618,Product A,4/27/2021,828.26,36,East,Mike Johnson
6,619,Product A,10/23/2021,976.4,16,East,Mike Johnson
4,620,Product A,12/25/2021,473.9,13,North,Mike Johnson
32,621,Product C,9/29/2021,570.29,88,West,Mike Johnson
9,622,Product B,6/9/2021,987.05,44,East,John Doe
63,623,Product C,1/11/2021,799.93,69,North,Mike Johnson
66,624,Product B,6/27/2021,93.66,69,East,Jane Smith
37,625,Product C,3/21/2021,201.03,20,West,John Doe
4,626,Product B,9/1/2021,381.41,90,North,Jane Smith
33,627,Product A,6/14/2021,963.14,66,East,Mike Johnson
86,628,Product A,12/12/2021,360.84,80,East,Mike Johnson
13,629,Product C,9/4/2021,789.8,22,West,Mike Johnson
54,630,Product A,11/1/2021,317.21,90,West,Jane Smith
54,631,Product B,12/2/2021,875.03,27,East,Jane Smith
94,632,Product C,4/7/2021,647.29,28,East,Jane Smith
22,633,Product B,4/20/2021,205.72,43,West,Jane Smith
2,634,Product B,8/19/2021,530.28,18,South,Mike Johnson
74,635,Product C,12/6/2021,65.63,74,East,Mike Johnson
66,636,Product C,7/24/2021,894.98,28,East,Jane Smith
53,637,Product B,4/5/2021,152.86,7,East,John Doe
78,638,Product A,10/13/2021,704.71,11,South,Mike Johnson
70,639,Product C,7/17/2021,439.07,88,West,Jane Smith
33,640,Product A,9/6/2021,732.87,59,East,Jane Smith
12,641,Product B,3/9/2021,594.08,65,South,John Doe
58,642,Product B,9/21/2021,60.34,48,North,John Doe
58,643,Product A,8/7/2021,831.93,72,North,John Doe
6,644,Product B,2/5/2021,448.94,97,South,Jane Smith
14,645,Product B,1/13/2021,200.04,72,South,John Doe
37,646,Product A,9/13/2021,40.84,53,North,John Doe
77,647,Product A,6/30/2021,995.2,58,North,John Doe
44,648,Product C,4/10/2021,117.25,51,East,John Doe
96,649,Product B,3/25/2021,127.06,34,North,Jane Smith
39,650,Product A,7/6/2021,707.11,62,South,Mike Johnson
87,651,Product C,5/15/2021,85.16,91,North,Mike Johnson
79,652,Product C,10/3/2021,469.51,87,East,Jane Smith
34,653,Product A,1/22/2021,452.67,29,North,Mike Johnson
22,654,Product A,3/30/2021,284.94,91,West,John Doe
50,655,Product B,12/11/2021,163.88,76,North,Jane Smith
39,656,Product C,8/23/2021,185.37,23,North,Mike Johnson
27,657,Product B,4/11/2021,982.04,15,West,Jane Smith
52,658,Product B,4/6/2021,417.59,50,North,Mike Johnson
70,659,Product C,5/26/2021,919.85,88,South,Jane Smith
87,660,Product B,7/2/2021,336.67,60,North,John Doe
89,661,Product B,12/27/2021,384.07,83,South,Jane Smith
96,662,Product C,10/21/2021,91.04,51,North,Jane Smith
9,663,Product B,2/25/2021,11.44,31,East,Jane Smith
93,664,Product B,11/29/2021,947.3,73,East,Jane Smith
95,665,Product C,3/19/2021,498.19,41,East,Mike Johnson
57,666,Product A,8/9/2021,973.05,34,East,Mike Johnson
27,667,Product C,3/4/2021,494.73,65,West,Jane Smith
54,668,Product C,5/28/2021,952.56,20,South,Mike Johnson
72,669,Product A,11/28/2021,184.79,28,South,Jane Smith
35,670,Product C,6/12/2021,683.19,41,West,John Doe
28,671,Product A,8/26/2021,655.15,90,East,Mike Johnson
6,672,Product B,2/18/2021,177.78,98,North,John Doe
67,673,Product C,2/9/2021,228.17,48,North,Jane Smith
99,674,Product B,11/24/2021,461.45,81,East,John Doe
23,675,Product B,9/20/2021,982.99,71,North,Jane Smith
14,676,Product B,1/11/2021,538.64,78,East,John Doe
2,677,Product A,11/11/2021,668.83,53,East,Mike Johnson
3,678,Product B,2/26/2021,195.16,18,South,Jane Smith
74,679,Product B,5/1/2021,795.53,90,South,Mike Johnson
99,680,Product A,2/11/2021,559.08,6,West,Jane Smith
75,681,Product C,9/3/2021,592.45,90,West,Jane Smith
74,682,Product B,12/9/2021,136.94,31,North,Mike Johnson
34,683,Product C,12/3/2021,342.31,3,West,John Doe
63,684,Product B,12/11/2021,825.28,91,North,Mike Johnson
41,685,Product C,11/8/2021,597.38,2,East,Mike Johnson
29,686,Product B,12/19/2021,246.49,99,West,Mike Johnson
25,687,Product A,7/31/2021,524.77,67,South,Jane Smith
85,688,Product A,7/13/2021,101.8,41,South,John Doe
82,689,Product B,11/18/2021,727.31,88,South,Jane Smith
71,690,Product A,11/29/2021,869.56,63,South,John Doe
35,691,Product C,12/25/2021,218.57,12,North,Mike Johnson
7,692,Product A,7/28/2021,762.43,91,East,John Doe
94,693,Product B,1/10/2021,665.03,83,South,Mike Johnson
97,694,Product C,3/21/2021,312.36,53,North,Jane Smith
9,695,Product C,8/30/2021,172.9,18,West,John Doe
93,696,Product A,5/19/2021,403.26,29,South,Mike Johnson
100,697,Product B,7/12/2021,581.28,17,North,John Doe
51,698,Product C,6/4/2021,965.07,53,North,Mike Johnson
30,699,Product B,12/4/2021,308.3,28,West,Jane Smith
95,700,Product A,7/22/2021,450.95,97,North,John Doe
86,701,Product C,1/12/2021,305.63,76,East,John Doe
21,702,Product C,10/19/2021,120.29,6,West,Mike Johnson
60,703,Product A,7/13/2021,288.89,19,East,Mike Johnson
24,704,Product A,3/12/2021,386.57,32,North,Jane Smith
51,705,Product A,11/8/2021,295.22,12,East,Mike Johnson
81,706,Product A,1/13/2021,220.79,8,East,John Doe
72,707,Product A,5/8/2021,633.15,44,North,John Doe
100,708,Product B,6/13/2021,511.21,97,South,Mike Johnson
3,709,Product C,6/11/2021,176.01,76,East,Mike Johnson
95,710,Product B,12/14/2021,206.17,49,North,Mike Johnson
80,711,Product C,9/28/2021,180.45,59,South,John Doe
79,712,Product C,12/10/2021,747.99,79,South,John Doe
35,713,Product A,9/13/2021,122.76,54,South,Jane Smith
23,714,Product C,2/14/2021,95.5,76,East,John Doe
8,715,Product C,4/7/2021,955.27,70,West,Jane Smith
13,716,Product C,12/17/2021,484.73,76,North,John Doe
70,717,Product B,5/21/2021,334.56,55,North,Jane Smith
58,718,Product B,3/30/2021,768.7,65,South,Jane Smith
63,719,Product A,3/14/2021,388.44,37,East,Mike Johnson
86,720,Product A,1/29/2021,504.49,55,North,John Doe
15,721,Product B,7/7/2021,816.22,30,West,Mike Johnson
27,722,Product A,6/26/2021,885.38,16,North,John Doe
91,723,Product B,7/12/2021,964.56,71,North,Jane Smith
66,724,Product B,5/26/2021,233.26,63,East,Jane Smith
53,725,Product B,2/12/2021,347.35,23,South,John Doe
8,726,Product C,7/24/2021,518.97,70,South,John Doe
42,727,Product C,12/7/2021,625.52,25,East,Jane Smith
90,728,Product C,3/22/2021,585.01,95,West,Mike Johnson
36,729,Product C,5/26/2021,547.78,15,South,Mike Johnson
52,730,Product C,1/3/2021,84.26,19,West,Mike Johnson
60,731,Product B,8/14/2021,898.71,72,South,Mike Johnson
20,732,Product A,12/23/2021,860.16,23,West,Jane Smith
72,733,Product B,11/17/2021,697.57,94,North,Mike Johnson
77,734,Product C,10/22/2021,506.88,58,South,Jane Smith
90,735,Product C,10/19/2021,567.07,33,South,John Doe
47,736,Product B,8/18/2021,621.05,85,East,Mike Johnson
42,737,Product C,1/15/2021,887.28,72,East,John Doe
42,738,Product B,6/22/2021,50.54,41,East,Jane Smith
9,739,Product C,7/10/2021,703.1,51,South,John Doe
47,740,Product C,9/14/2021,841.22,54,West,Jane Smith
48,741,Product A,11/29/2021,840.36,65,East,Mike Johnson
2,742,Product C,4/30/2021,573.46,45,South,John Doe
92,743,Product B,9/21/2021,308.92,8,East,Jane Smith
35,744,Product A,11/10/2021,332.89,87,North,Mike Johnson
52,745,Product A,1/6/2021,503.6,66,South,John Doe
82,746,Product A,12/10/2021,566.28,1,South,John Doe
16,747,Product C,11/28/2021,467.48,19,North,Mike Johnson
25,748,Product B,4/3/2021,393.66,69,West,Mike Johnson
47,749,Product C,1/29/2021,851.6,70,West,John Doe
16,750,Product C,9/14/2021,520.26,79,North,Jane Smith
75,751,Product B,12/15/2021,328.81,57,North,Jane Smith
68,752,Product C,6/16/2021,827.27,42,East,Mike Johnson
82,753,Product C,4/7/2021,313.55,36,West,Jane Smith
22,754,Product C,1/17/2021,521.17,17,East,Jane Smith
32,755,Product A,8/11/2021,374.59,52,North,Jane Smith
72,756,Product C,5/17/2021,321.07,75,South,John Doe
26,757,Product C,3/22/2021,108.35,76,West,John Doe
82,758,Product B,10/18/2021,473.07,70,North,John Doe
73,759,Product C,6/23/2021,93.8,25,East,Mike Johnson
58,760,Product C,7/3/2021,513.56,83,North,Jane Smith
21,761,Product A,1/17/2021,793.38,24,West,Jane Smith
95,762,Product C,1/27/2021,881.81,47,West,Mike Johnson
16,763,Product B,6/1/2021,50.47,16,West,John Doe
30,764,Product A,1/4/2021,728.03,41,North,Mike Johnson
86,765,Product B,6/17/2021,397.84,61,South,Jane Smith
56,766,Product B,10/14/2021,395.62,40,East,Jane Smith
74,767,Product C,3/2/2021,58.69,67,West,Mike Johnson
44,768,Product A,5/5/2021,550.33,7,West,John Doe
21,769,Product B,7/26/2021,525.72,69,North,Mike Johnson
82,770,Product A,8/15/2021,757.04,14,East,Mike Johnson
30,771,Product B,2/5/2021,749.81,24,West,John Doe
30,772,Product B,12/11/2021,489.72,40,South,John Doe
63,773,Product B,9/29/2021,719.22,41,North,John Doe
24,774,Product C,7/21/2021,402.64,65,East,Mike Johnson
66,775,Product A,10/4/2021,437.01,29,West,Mike Johnson
67,776,Product B,3/21/2021,351.91,42,East,John Doe
15,777,Product A,3/15/2021,534.02,80,West,John Doe
70,778,Product B,7/11/2021,802.13,100,North,John Doe
13,779,Product A,7/17/2021,64.69,60,West,John Doe
82,780,Product B,5/27/2021,448.27,30,West,Mike Johnson
70,781,Product B,8/6/2021,949.33,9,East,John Doe
27,782,Product B,12/24/2021,169.8,26,West,John Doe
71,783,Product B,8/11/2021,194.54,16,North,John Doe
99,784,Product B,3/8/2021,470.34,46,West,Jane Smith
91,785,Product C,6/29/2021,541.15,47,North,John Doe
31,786,Product C,5/21/2021,51.42,18,West,Mike Johnson
53,787,Product B,8/8/2021,282.96,41,South,Mike Johnson
62,788,Product A,4/23/2021,959.74,13,West,Mike Johnson
91,789,Product A,12/28/2021,144.29,90,East,Mike Johnson
55,790,Product C,9/30/2021,45.4,23,East,Mike Johnson
66,791,Product C,3/24/2021,942.32,100,North,John Doe
43,792,Product A,2/21/2021,255.04,3,East,John Doe
66,793,Product C,10/5/2021,811.5,58,East,John Doe
36,794,Product A,10/10/2021,849.22,98,South,Jane Smith
58,795,Product A,4/7/2021,639.69,8,South,Jane Smith
90,796,Product B,8/11/2021,801.03,34,West,Mike Johnson
61,797,Product A,9/2/2021,391.2,13,North,Jane Smith
36,798,Product C,10/14/2021,659.89,92,South,Jane Smith
8,799,Product A,12/22/2021,562.11,92,East,John Doe
82,800,Product A,9/12/2021,971.16,11,South,John Doe
2,801,Product B,7/6/2021,263.69,34,East,Jane Smith
35,802,Product C,10/23/2021,620.94,90,North,Jane Smith
45,803,Product C,6/19/2021,901.83,91,West,Mike Johnson
18,804,Product B,10/3/2021,532.41,50,West,Mike Johnson
78,805,Product A,6/20/2021,718.25,76,North,Jane Smith
86,806,Product B,1/29/2021,477.18,78,West,Jane Smith
51,807,Product A,8/23/2021,689.02,40,West,Jane Smith
51,808,Product C,4/18/2021,136.76,70,South,John Doe
19,809,Product C,3/1/2021,330.39,57,South,Jane Smith
78,810,Product B,4/22/2021,540.49,93,South,Jane Smith
59,811,Product C,12/8/2021,853.56,27,West,John Doe
87,812,Product B,1/19/2021,884.07,50,South,Mike Johnson
76,813,Product A,6/9/2021,195.05,63,South,Jane Smith
79,814,Product B,2/24/2021,95.34,89,East,Mike Johnson
95,815,Product B,6/29/2021,113.44,59,North,John Doe
90,816,Product C,12/14/2021,500.23,43,West,John Doe
61,817,Product B,4/13/2021,812.0,26,North,John Doe
34,818,Product C,9/24/2021,257.11,70,South,John Doe
71,819,Product B,10/10/2021,546.67,46,South,Mike Johnson
24,820,Product B,12/28/2021,618.44,61,South,John Doe
48,821,Product B,8/14/2021,721.57,49,West,Mike Johnson
63,822,Product A,5/23/2021,192.41,90,South,John Doe
1,823,Product C,4/11/2021,251.5,84,South,Jane Smith
1,824,Product C,11/14/2021,190.7,23,West,Jane Smith
32,825,Product A,4/29/2021,512.45,51,North,John Doe
39,826,Product B,4/10/2021,976.57,99,North,John Doe
9,827,Product A,8/6/2021,511.63,21,South,Jane Smith
38,828,Product B,9/29/2021,462.3,37,South,Jane Smith
33,829,Product B,3/14/2021,76.29,89,West,Jane Smith
18,830,Product B,4/8/2021,502.58,32,West,Jane Smith
19,831,Product A,8/20/2021,972.27,28,South,John Doe
34,832,Product A,3/19/2021,380.28,86,West,Mike Johnson
47,833,Product B,2/2/2021,711.59,28,East,Mike Johnson
84,834,Product A,9/2/2021,989.29,11,West,John Doe
18,835,Product A,2/3/2021,193.86,75,South,Mike Johnson
20,836,Product C,8/2/2021,725.88,58,East,Jane Smith
99,837,Product C,4/16/2021,834.6,97,West,Jane Smith
82,838,Product B,6/25/2021,337.95,20,East,Jane Smith
51,839,Product A,3/23/2021,913.87,19,South,John Doe
71,840,Product B,7/18/2021,940.76,70,South,Jane Smith
64,841,Product A,12/26/2021,98.76,64,South,Mike Johnson
74,842,Product A,12/2/2021,598.44,21,North,Mike Johnson
100,843,Product B,12/23/2021,905.55,83,East,Mike Johnson
10,844,Product C,2/23/2021,424.54,11,East,John Doe
63,845,Product A,5/30/2021,206.89,77,North,Mike Johnson
35,846,Product B,7/22/2021,475.34,92,East,Jane Smith
95,847,Product B,5/12/2021,318.0,28,West,Jane Smith
39,848,Product A,12/21/2021,736.41,98,East,Jane Smith
51,849,Product B,1/20/2021,523.29,66,South,Jane Smith
10,850,Product A,7/26/2021,853.83,58,North,Jane Smith
48,851,Product B,9/11/2021,478.2,53,South,Jane Smith
91,852,Product A,12/25/2021,755.65,91,North,Mike Johnson
48,853,Product C,9/13/2021,509.75,41,North,Jane Smith
23,854,Product A,4/16/2021,323.39,79,South,Mike Johnson
96,855,Product A,9/6/2021,538.39,32,East,John Doe
39,856,Product A,7/21/2021,778.8,9,South,Mike Johnson
51,857,Product A,12/29/2021,808.47,88,South,John Doe
92,858,Product B,5/19/2021,469.42,20,East,John Doe
59,859,Product C,2/12/2021,746.51,78,West,Jane Smith
77,860,Product B,6/8/2021,954.29,80,South,John Doe
98,861,Product B,12/10/2021,348.3,61,West,Mike Johnson
46,862,Product C,10/26/2021,531.83,73,West,Mike Johnson
32,863,Product A,8/19/2021,991.75,13,North,Jane Smith
91,864,Product C,11/6/2021,934.94,31,West,Mike Johnson
17,865,Product A,7/31/2021,109.8,72,North,John Doe
70,866,Product C,1/12/2021,261.56,18,West,John Doe
23,867,Product B,9/26/2021,833.53,43,South,Mike Johnson
48,868,Product A,8/23/2021,973.46,18,North,Jane Smith
38,869,Product C,1/2/2021,81.02,13,West,John Doe
54,870,Product A,10/18/2021,452.84,49,South,Mike Johnson
55,871,Product A,10/7/2021,804.38,90,West,John Doe
50,872,Product A,1/1/2021,611.73,4,East,Jane Smith
57,873,Product B,4/16/2021,947.25,55,East,Jane Smith
85,874,Product C,3/23/2021,331.47,92,South,John Doe
31,875,Product A,12/9/2021,71.7,26,East,Jane Smith
76,876,Product C,2/20/2021,636.8,90,East,Jane Smith
16,877,Product A,11/26/2021,141.71,55,South,Jane Smith
41,878,Product B,5/19/2021,483.2,98,East,Jane Smith
51,879,Product B,9/18/2021,10.47,85,South,Mike Johnson
35,880,Product B,6/15/2021,699.83,23,North,Jane Smith
55,881,Product C,10/4/2021,367.74,36,North,Mike Johnson
71,882,Product B,12/21/2021,2.4,90,West,John Doe
24,883,Product A,2/24/2021,532.27,76,West,Mike Johnson
83,884,Product C,10/19/2021,78.32,88,West,Mike Johnson
68,885,Product C,12/6/2021,600.45,89,South,John Doe
42,886,Product B,6/11/2021,894.38,45,North,Mike Johnson
58,887,Product B,7/25/2021,923.41,97,North,Mike Johnson
91,888,Product A,3/6/2021,384.09,92,South,Mike Johnson
13,889,Product B,1/15/2021,207.37,62,West,John Doe
63,890,Product C,4/23/2021,306.81,19,South,Jane Smith
25,891,Product C,8/11/2021,70.22,77,North,John Doe
55,892,Product B,3/28/2021,906.3,25,North,John Doe
70,893,Product B,3/1/2021,628.94,56,North,Mike Johnson
92,894,Product C,12/5/2021,433.78,5,West,Jane Smith
37,895,Product B,1/8/2021,17.39,81,East,Jane Smith
11,896,Product C,11/30/2021,497.22,78,South,John Doe
39,897,Product A,10/10/2021,626.87,39,East,John Doe
43,898,Product C,10/2/2021,389.42,80,West,Mike Johnson
99,899,Product A,6/1/2021,738.91,21,East,John Doe
59,900,Product A,6/2/2021,333.58,15,West,Mike Johnson
21,901,Product A,5/1/2021,387.06,93,South,Mike Johnson
31,902,Product A,8/5/2021,558.89,81,North,Jane Smith
87,903,Product C,1/4/2021,550.29,22,South,Jane Smith
50,904,Product C,10/4/2021,929.08,42,East,John Doe
51,905,Product C,5/29/2021,206.13,47,North,Mike Johnson
51,906,Product B,5/10/2021,411.89,75,North,Jane Smith
4,907,Product C,3/20/2021,439.2,62,West,John Doe
23,908,Product C,8/7/2021,622.32,41,South,John Doe
61,909,Product C,12/12/2021,294.08,85,East,John Doe
70,910,Product C,6/6/2021,161.59,27,South,Mike Johnson
0,911,Product A,10/4/2021,134.16,51,South,Mike Johnson
38,912,Product C,4/8/2021,843.1,29,South,John Doe
10,913,Product B,8/30/2021,915.43,95,East,John Doe
67,914,Product C,9/13/2021,809.89,34,West,John Doe
55,915,Product A,4/5/2021,567.34,67,West,John Doe
5,916,Product C,8/10/2021,390.42,58,South,Jane Smith
60,917,Product C,1/30/2021,782.82,28,South,Mike Johnson
75,918,Product C,1/24/2021,87.52,31,East,Mike Johnson
23,919,Product C,6/14/2021,802.4,9,South,Jane Smith
56,920,Product C,7/16/2021,815.33,92,South,John Doe
31,921,Product C,10/6/2021,567.61,51,South,Jane Smith
81,922,Product A,8/23/2021,227.42,6,West,John Doe
4,923,Product B,10/20/2021,150.83,93,South,John Doe
47,924,Product B,2/5/2021,860.84,50,South,Jane Smith
67,925,Product A,11/15/2021,922.24,92,West,John Doe
87,926,Product A,2/12/2021,968.61,53,South,John Doe
48,927,Product A,1/22/2021,992.36,82,East,John Doe
23,928,Product B,9/1/2021,763.13,16,South,Mike Johnson
62,929,Product A,9/12/2021,501.25,95,North,Mike Johnson
1,930,Product B,3/5/2021,46.63,95,East,John Doe
56,931,Product A,2/12/2021,473.7,9,North,Jane Smith
40,932,Product C,2/8/2021,655.11,77,North,Jane Smith
93,933,Product B,2/8/2021,87.37,100,North,Jane Smith
62,934,Product B,12/20/2021,815.71,72,South,Mike Johnson
15,935,Product C,10/5/2021,611.62,17,South,Mike Johnson
99,936,Product A,8/31/2021,380.6,70,East,John Doe
17,937,Product B,10/15/2021,991.66,77,South,Mike Johnson
99,938,Product C,9/28/2021,422.61,12,North,Jane Smith
7,939,Product A,1/23/2021,140.05,90,West,Mike Johnson
3,940,Product C,1/18/2021,462.56,96,North,John Doe
6,941,Product A,9/25/2021,281.22,99,West,John Doe
87,942,Product C,7/30/2021,783.98,2,South,John Doe
88,943,Product C,7/11/2021,869.9,63,East,John Doe
3,944,Product C,2/24/2021,401.21,92,South,Mike Johnson
58,945,Product C,3/26/2021,384.03,83,South,John Doe
81,946,Product B,4/4/2021,482.11,19,North,Mike Johnson
85,947,Product B,8/31/2021,687.76,86,West,Mike Johnson
6,948,Product A,4/15/2021,35.68,98,West,Jane Smith
18,949,Product B,4/11/2021,635.62,3,East,Mike Johnson
18,950,Product B,8/27/2021,243.6,34,North,John Doe
55,951,Product B,7/14/2021,694.49,77,West,Jane Smith
48,952,Product B,6/17/2021,813.36,5,South,Mike Johnson
10,953,Product B,5/6/2021,199.22,65,East,John Doe
50,954,Product C,4/27/2021,441.04,68,South,Jane Smith
83,955,Product A,4/14/2021,479.28,100,East,John Doe
82,956,Product C,12/18/2021,137.06,89,North,John Doe
95,957,Product A,1/9/2021,772.59,22,West,Jane Smith
5,958,Product B,12/5/2021,801.3,39,West,Mike Johnson
87,959,Product A,12/1/2021,586.8,96,West,Jane Smith
100,960,Product B,2/28/2021,604.55,92,North,Jane Smith
42,961,Product C,11/16/2021,585.62,75,West,Mike Johnson
8,962,Product C,8/21/2021,770.44,47,East,Jane Smith
41,963,Product C,4/30/2021,753.86,86,South,Jane Smith
49,964,Product B,2/13/2021,394.46,53,East,Mike Johnson
6,965,Product C,6/28/2021,48.06,32,East,Mike Johnson
13,966,Product A,7/26/2021,796.31,73,West,Mike Johnson
58,967,Product B,5/18/2021,859.4,41,South,Mike Johnson
58,968,Product C,12/16/2021,576.06,69,East,John Doe
74,969,Product B,10/13/2021,814.66,74,East,John Doe
15,970,Product C,11/17/2021,664.15,8,South,John Doe
71,971,Product C,5/11/2021,340.07,55,East,John Doe
26,972,Product A,9/21/2021,805.79,35,North,Jane Smith
80,973,Product B,12/1/2021,123.12,27,South,Jane Smith
8,974,Product C,6/19/2021,320.77,62,West,Mike Johnson
43,975,Product C,1/2/2021,279.23,89,West,John Doe
68,976,Product C,4/8/2021,179.43,75,East,John Doe
43,977,Product B,6/2/2021,421.24,9,South,John Doe
81,978,Product A,2/20/2021,550.23,78,East,Mike Johnson
49,979,Product B,2/15/2021,184.96,30,East,Mike Johnson
65,980,Product B,2/16/2021,777.12,52,North,Jane Smith
42,981,Product A,11/25/2021,359.12,1,East,John Doe
18,982,Product C,6/17/2021,810.43,96,South,John Doe
47,983,Product B,3/14/2021,407.92,29,South,Jane Smith
64,984,Product A,5/31/2021,612.22,84,West,Mike Johnson
27,985,Product A,8/13/2021,211.6,68,East,Jane Smith
8,986,Product C,7/24/2021,888.22,11,West,Jane Smith
44,987,Product A,5/20/2021,436.52,25,North,Mike Johnson
13,988,Product A,2/3/2021,745.15,28,South,Jane Smith
56,989,Product A,2/3/2021,88.46,83,West,Jane Smith
89,990,Product B,11/5/2021,877.15,18,West,Mike Johnson
89,991,Product B,9/13/2021,585.9,83,West,Jane Smith
22,992,Product B,8/1/2021,401.33,78,South,John Doe
98,993,Product A,1/28/2021,596.28,56,East,Jane Smith
43,994,Product B,12/3/2021,758.12,77,East,Jane Smith
27,995,Product A,1/2/2021,133.1,81,West,Jane Smith
79,996,Product C,7/19/2021,455.46,85,South,Mike Johnson
91,997,Product C,2/21/2021,288.06,97,East,Jane Smith
41,998,Product C,4/9/2021,114.88,74,East,John Doe
60,999,Product C,9/15/2021,192.79,63,East,Mike Johnson
36,1000,Product C,9/16/2021,574.68,87,West,John Doe
